,year,share_D,share_R
winner,,,
0,2004,0.464367816092,0.535632183908
1,2006,0.531034482759,0.468965517241
2,2008,0.590804597701,0.409195402299
3,2010,0.44367816092,0.55632183908
4,2012,0.462068965517,0.537931034483
5,2014,0.432183908046,0.567816091954
