year,share_D
2004,-0.021509430351
2006,-0.00817021027476
2008,0.0344366847197
2010,-0.0215202984889
2012,-0.0422134623065
2014,-0.0393640544668
